STATE,SYM_P1,SYM_P2,SYM_SEMICOLON,IDENTIFIER,OP_ASSGN,SYM_SB1,SYM_SB2,KEYWD_IF,SYM_B1,SYM_B2,KEYWD_ELSE,KEYWD_ELIF,KEYWD_FOR,KEYWD_IN,OP_COMMA,KEYWD_WHILE,KEYWD_DO,KEYWD_RETURN,KEYWD_BREAK,KEYWD_CONTINUE,KEYWD_SELECT,KEYWD_CASE,OP_TERN1,KEYWD_DEFAULT,KEYWD_DEF,OP_FUNC,KEYWD_INT,KEYWD_FLOAT,KEYWD_CHAR,KEYWD_BOOL,KEYWD_VOID,KEYWD_STRING,INT_LIT,FLOAT_LITERAL,CHAR_LIT,STR_LIT,KEYWD_TRUE,KEYWD_FALSE,OP_AR_add,OP_AR_sub,OP_AR_mul,OP_AR_div,OP_AR_mod,OP_REL_gt,OP_REL_ge,OP_REL_lt,OP_REL_le,OP_REL_eq,OP_REL_neq,OP_LOG_and,OP_LOG_or,OP_LOG_not,OP_BIT_and,OP_BIT_or,OP_BIT_ls,OP_BIT_rs,OP_BIT_xor,OP_ASSGN1,OP_ASSGN2,OP_ASSGN3,OP_ASSGN4,OP_ASSGN5,OP_ASSGN6,OP_ASSGN7,OP_ASSGN8,OP_INCR,OP_DECR,OP_BIT4,$
0,,,,,,,,,,,,,,,,,,,,,,,,,s5,,s7,s8,s9,s10,s11,s12,,,,,,,,,,,,,,,,,,,,,,,,,,,,,,,,,,,,,r3
1,,,,,,,,,,,,,,,,,,,,,,,,,,,,,,,,,,,,,,,,,,,,,,,,,,,,,,,,,,,,,,,,,,,,,acc
2,,,,,,,,,,,,,,,,,,,,,,,,,s5,,s7,s8,s9,s10,s11,s12,,,,,,,,,,,,,,,,,,,,,,,,,,,,,,,,,,,,,r3
3,,,,,,,,,,,,,,,,,,,,,,,,,s5,,s7,s8,s9,s10,s11,s12,,,,,,,,,,,,,,,,,,,,,,,,,,,,,,,,,,,,,r3
4,,,,s15,,,,,,,,,,,,,,,,,,,,,,,,,,,,,,,,,,,,,,,,,,,,,,,,,,,,,,,,,,,,,,,,,
5,,,,s16,,,,,,,,,,,,,,,,,,,,,,,,,,,,,,,,,,,,,,,,,,,,,,,,,,,,,,,,,,,,,,,,,
6,r44,,,r44,,s17,,,,,,,,,,,,,,,,,,,,,,,,,,,,,,,,,,,,,,,,,,,,,,,,,,,,,,,,,,,,,,,
7,r49,,,r49,,r49,,,,,,,,,,,,,,,,,,,,,,,,,,,,,,,,,,,,,,,,,,,,,,,,,,,,,,,,,,,,,,,
8,r50,,,r50,,r50,,,,,,,,,,,,,,,,,,,,,,,,,,,,,,,,,,,,,,,,,,,,,,,,,,,,,,,,,,,,,,,
9,r51,,,r51,,r51,,,,,,,,,,,,,,,,,,,,,,,,,,,,,,,,,,,,,,,,,,,,,,,,,,,,,,,,,,,,,,,
10,r52,,,r52,,r52,,,,,,,,,,,,,,,,,,,,,,,,,,,,,,,,,,,,,,,,,,,,,,,,,,,,,,,,,,,,,,,
11,r53,,,r53,,r53,,,,,,,,,,,,,,,,,,,,,,,,,,,,,,,,,,,,,,,,,,,,,,,,,,,,,,,,,,,,,,,
12,r54,,,r54,,r54,,,,,,,,,,,,,,,,,,,,,,,,,,,,,,,,,,,,,,,,,,,,,,,,,,,,,,,,,,,,,,,
13,,,,,,,,,,,,,,,,,,,,,,,,,,,,,,,,,,,,,,,,,,,,,,,,,,,,,,,,,,,,,,,,,,,,,r1
14,,,,,,,,,,,,,,,,,,,,,,,,,,,,,,,,,,,,,,,,,,,,,,,,,,,,,,,,,,,,,,,,,,,,,r2
15,,,s18,,,,,,,,,,,,,,,,,,,,,,,,,,,,,,,,,,,,,,,,,,,,,,,,,,,,,,,,,,,,,,,,,,
16,,,,,,,,,s19,,,,,,,,,,,,,,,,,,,,,,,,,,,,,,,,,,,,,,,,,,,,,,,,,,,,,,,,,,,,
17,s27,,,s25,,,r48,,s22,,,,,,,,,,,,,,,,,,,,,,,,s33,s34,s35,s37,s38,s39,s31,s32,,,,,,,,,,,,,,,,,,,,,,,,,,s28,s29,s30,
18,r17,r17,,r17,,,,r17,r17,,,r17,r17,,,r17,r17,r17,r17,r17,r17,r17,,r17,r17,,r17,r17,r17,r17,r17,r17,r17,r17,r17,r17,r17,r17,r17,r17,,,,,,,,,,,,,,,,,,,,,,,,,,r17,r17,r17,r17
19,,,,,,,,,,r38,,,,,,,,,,,,,,,,,s7,s8,s9,s10,s11,s12,,,,,,,,,,,,,,,,,,,,,,,,,,,,,,,,,,,,,
20,,,,,,,s42,,,,,,,,,,,,,,,,,,,,,,,,,,,,,,,,,,,,,,,,,,,,,,,,,,,,,,,,,,,,,,
21,,,,,,,r47,,,,,,,,s43,,,,,,,,,,,,,,,,,,,,,,,,,,,,,,,,,,,,,,,,,,,,,,,,,,,,,,
22,s27,,,s25,,,,,s22,,,,,,,,,,,,,,,,,,,,,,,,s33,s34,s35,s37,s38,s39,s31,s32,,,,,,,,,,,,,,,,,,,,,,,,,,s28,s29,s30,
23,s27,,,s25,,,,,s22,,,,,,,,,,,,,,,,,,,,,,,,s33,s34,s35,s37,s38,s39,s31,s32,,,,,,,,,,,,,,,,,,,,,,,,,,s28,s29,s30,
24,,r57,r57,,,,r57,,,r57,,,,,r57,,,,,,,,r57,,,,,,,,,,,,,,,,r57,r57,r57,r57,r57,r57,r57,r57,r57,r57,r57,r57,r57,r57,r57,r57,r57,r57,r57,,,,,,,,,,,,
25,,r58,r58,,,,r58,,s46,r58,,,,,r58,,,,,,,,r58,,,,,,,,,,,,,,,,r58,r58,r58,r58,r58,r58,r58,r58,r58,r58,r58,r58,r58,r58,r58,r58,r58,r58,r58,,,,,,,,,,,,
26,,r59,r59,,,,r59,,,r59,,,,,r59,,,,,,,,r59,,,,,,,,,,,,,,,,r59,r59,r59,r59,r59,r59,r59,r59,r59,r59,r59,r59,r59,r59,r59,r59,r59,r59,r59,,,,,,,,,,,,
27,s27,,,s25,,,,,s22,,,,,,,,,,,,,,,,,,,,,,,,s33,s34,s35,s37,s38,s39,s31,s32,,,,,,,,,,,,,,,,,,,,,,,,,,s28,s29,s30,
28,r101,,,r101,,,,,r101,,,,,,,,,,,,,,,,,,,,,,,,r101,r101,r101,r101,r101,r101,r101,r101,,,,,,,,,,,,,,,,,,,,,,,,,,r101,r101,r101,
29,r102,,,r102,,,,,r102,,,,,,,,,,,,,,,,,,,,,,,,r102,r102,r102,r102,r102,r102,r102,r102,,,,,,,,,,,,,,,,,,,,,,,,,,r102,r102,r102,
30,r103,,,r103,,,,,r103,,,,,,,,,,,,,,,,,,,,,,,,r103,r103,r103,r103,r103,r103,r103,r103,,,,,,,,,,,,,,,,,,,,,,,,,,r103,r103,r103,
31,r104,,,r104,,,,,r104,,,,,,,,,,,,,,,,,,,,,,,,r104,r104,r104,r104,r104,r104,r104,r104,,,,,,,,,,,,,,,,,,,,,,,,,,r104,r104,r104,
32,r105,,,r105,,,,,r105,,,,,,,,,,,,,,,,,,,,,,,,r105,r105,r105,r105,r105,r105,r105,r105,,,,,,,,,,,,,,,,,,,,,,,,,,r105,r105,r105,
33,,r63,r63,,,,r63,,,r63,,,,,r63,,,,,,,,r63,,,,,,,,,,,,,,,,r63,r63,r63,r63,r63,r63,r63,r63,r63,r63,r63,r63,r63,r63,r63,r63,r63,r63,r63,,,,,,,,,,,,
34,,r64,r64,,,,r64,,,r64,,,,,r64,,,,,,,,r64,,,,,,,,,,,,,,,,r64,r64,r64,r64,r64,r64,r64,r64,r64,r64,r64,r64,r64,r64,r64,r64,r64,r64,r64,,,,,,,,,,,,
35,,r65,r65,,,,r65,,,r65,,,,,r65,,,,,,,,r65,,,,,,,,,,,,,,,,r65,r65,r65,r65,r65,r65,r65,r65,r65,r65,r65,r65,r65,r65,r65,r65,r65,r65,r65,,,,,,,,,,,,
36,,r66,r66,,,,r66,,,r66,,,,,r66,,,,,,,,r66,,,,,,,,,,,,,,,,r66,r66,r66,r66,r66,r66,r66,r66,r66,r66,r66,r66,r66,r66,r66,r66,r66,r66,r66,,,,,,,,,,,,
37,,r67,r67,,,,r67,,,r67,,,,,r67,,,,,,,,r67,,,,,,,,,,,,,,,,r67,r67,r67,r67,r67,r67,r67,r67,r67,r67,r67,r67,r67,r67,r67,r67,r67,r67,r67,,,,,,,,,,,,
38,,r68,r68,,,,r68,,,r68,,,,,r68,,,,,,,,r68,,,,,,,,,,,,,,,,r68,r68,r68,r68,r68,r68,r68,r68,r68,r68,r68,r68,r68,r68,r68,r68,r68,r68,r68,,,,,,,,,,,,
39,,r69,r69,,,,r69,,,r69,,,,,r69,,,,,,,,r69,,,,,,,,,,,,,,,,r69,r69,r69,r69,r69,r69,r69,r69,r69,r69,r69,r69,r69,r69,r69,r69,r69,r69,r69,,,,,,,,,,,,
40,,,,,,,,,,s49,,,,,,,,,,,,,,,,,,,,,,,,,,,,,,,,,,,,,,,,,,,,,,,,,,,,,,,,,,,
41,,,,s50,,,,,,,,,,,,,,,,,,,,,,,,,,,,,,,,,,,,,,,,,,,,,,,,,,,,,,,,,,,,,,,,,
42,r45,,,r45,,,,,,,,,,,,,,,,,,,,,,,,,,,,,,,,,,,,,,,,,,,,,,,,,,,,,,,,,,,,,,,,,
43,s27,,,s25,,,r48,,s22,,,,,,,,,,,,,,,,,,,,,,,,s33,s34,s35,s37,s38,s39,s31,s32,,,,,,,,,,,,,,,,,,,,,,,,,,s28,s29,s30,
44,,,,,,,,,,,,,,,,,,,,,,,,,,,,,,,,,,,,,,,s57,s58,s59,s60,s61,s62,s63,s64,s65,s66,s67,s68,s69,s70,s71,s72,s73,s74,s75,,,,,,,,,,,,
45,,r56,r56,,,,r56,,,r56,,,,,r56,,,,,,,,r56,,,,,,,,,,,,,,,,r56,r56,r56,r56,r56,r56,r56,r56,r56,r56,r56,r56,r56,r56,r56,r56,r56,r56,r56,,,,,,,,,,,,
46,s27,,,s25,,,,,s22,r41,,,,,,,,,,,,,,,,,,,,,,,s33,s34,s35,s37,s38,s39,s31,s32,,,,,,,,,,,,,,,,,,,,,,,,,,s28,s29,s30,
47,,s79,,,,,,,,,,,,,,,,,,,,,,,,,,,,,,,,,,,,,,,,,,,,,,,,,,,,,,,,,,,,,,,,,,,
48,,r62,,,,,,,,,,,,,s80,,,,,,,,,,,,,,,,,,,,,,,,,,,,,,,,,,,,,,,,,,,,,,,,,,,,,,
49,,,,,,,,,,,,,,,,,,,,,,,,,,s81,,,,,,,,,,,,,,,,,,,,,,,,,,,,,,,,,,,,,,,,,,,
50,,,,,,,,,,r37,,,,,s82,,,,,,,,,,,,,,,,,,,,,,,,,,,,,,,,,,,,,,,,,,,,,,,,,,,,,,
51,,,,,,,r46,,,,,,,,,,,,,,,,,,,,,,,,,,,,,,,,,,,,,,,,,,,,,,,,,,,,,,,,,,,,,,
52,s27,,,s25,,,,,s22,,,,,,,,,,,,,,,,,,,,,,,,s33,s34,s35,s37,s38,s39,s31,s32,,,,,,,,,,,,,,,,,,,,,,,,,,s28,s29,s30,
53,r70,,,r70,,,,,r70,,,,,,,,,,,,,,,,,,,,,,,,r70,r70,r70,r70,r70,r70,r70,r70,,,,,,,,,,,,,,,,,,,,,,,,,,r70,r70,r70,
54,r71,,,r71,,,,,r71,,,,,,,,,,,,,,,,,,,,,,,,r71,r71,r71,r71,r71,r71,r71,r71,,,,,,,,,,,,,,,,,,,,,,,,,,r71,r71,r71,
55,r72,,,r72,,,,,r72,,,,,,,,,,,,,,,,,,,,,,,,r72,r72,r72,r72,r72,r72,r72,r72,,,,,,,,,,,,,,,,,,,,,,,,,,r72,r72,r72,
56,r73,,,r73,,,,,r73,,,,,,,,,,,,,,,,,,,,,,,,r73,r73,r73,r73,r73,r73,r73,r73,,,,,,,,,,,,,,,,,,,,,,,,,,r73,r73,r73,
57,r74,,,r74,,,,,r74,,,,,,,,,,,,,,,,,,,,,,,,r74,r74,r74,r74,r74,r74,r74,r74,,,,,,,,,,,,,,,,,,,,,,,,,,r74,r74,r74,
58,r75,,,r75,,,,,r75,,,,,,,,,,,,,,,,,,,,,,,,r75,r75,r75,r75,r75,r75,r75,r75,,,,,,,,,,,,,,,,,,,,,,,,,,r75,r75,r75,
59,r76,,,r76,,,,,r76,,,,,,,,,,,,,,,,,,,,,,,,r76,r76,r76,r76,r76,r76,r76,r76,,,,,,,,,,,,,,,,,,,,,,,,,,r76,r76,r76,
60,r77,,,r77,,,,,r77,,,,,,,,,,,,,,,,,,,,,,,,r77,r77,r77,r77,r77,r77,r77,r77,,,,,,,,,,,,,,,,,,,,,,,,,,r77,r77,r77,
61,r78,,,r78,,,,,r78,,,,,,,,,,,,,,,,,,,,,,,,r78,r78,r78,r78,r78,r78,r78,r78,,,,,,,,,,,,,,,,,,,,,,,,,,r78,r78,r78,
62,r79,,,r79,,,,,r79,,,,,,,,,,,,,,,,,,,,,,,,r79,r79,r79,r79,r79,r79,r79,r79,,,,,,,,,,,,,,,,,,,,,,,,,,r79,r79,r79,
63,r80,,,r80,,,,,r80,,,,,,,,,,,,,,,,,,,,,,,,r80,r80,r80,r80,r80,r80,r80,r80,,,,,,,,,,,,,,,,,,,,,,,,,,r80,r80,r80,
64,r81,,,r81,,,,,r81,,,,,,,,,,,,,,,,,,,,,,,,r81,r81,r81,r81,r81,r81,r81,r81,,,,,,,,,,,,,,,,,,,,,,,,,,r81,r81,r81,
65,r82,,,r82,,,,,r82,,,,,,,,,,,,,,,,,,,,,,,,r82,r82,r82,r82,r82,r82,r82,r82,,,,,,,,,,,,,,,,,,,,,,,,,,r82,r82,r82,
66,r83,,,r83,,,,,r83,,,,,,,,,,,,,,,,,,,,,,,,r83,r83,r83,r83,r83,r83,r83,r83,,,,,,,,,,,,,,,,,,,,,,,,,,r83,r83,r83,
67,r84,,,r84,,,,,r84,,,,,,,,,,,,,,,,,,,,,,,,r84,r84,r84,r84,r84,r84,r84,r84,,,,,,,,,,,,,,,,,,,,,,,,,,r84,r84,r84,
68,r85,,,r85,,,,,r85,,,,,,,,,,,,,,,,,,,,,,,,r85,r85,r85,r85,r85,r85,r85,r85,,,,,,,,,,,,,,,,,,,,,,,,,,r85,r85,r85,
69,r86,,,r86,,,,,r86,,,,,,,,,,,,,,,,,,,,,,,,r86,r86,r86,r86,r86,r86,r86,r86,,,,,,,,,,,,,,,,,,,,,,,,,,r86,r86,r86,
70,r87,,,r87,,,,,r87,,,,,,,,,,,,,,,,,,,,,,,,r87,r87,r87,r87,r87,r87,r87,r87,,,,,,,,,,,,,,,,,,,,,,,,,,r87,r87,r87,
71,r88,,,r88,,,,,r88,,,,,,,,,,,,,,,,,,,,,,,,r88,r88,r88,r88,r88,r88,r88,r88,,,,,,,,,,,,,,,,,,,,,,,,,,r88,r88,r88,
72,r89,,,r89,,,,,r89,,,,,,,,,,,,,,,,,,,,,,,,r89,r89,r89,r89,r89,r89,r89,r89,,,,,,,,,,,,,,,,,,,,,,,,,,r89,r89,r89,
73,r90,,,r90,,,,,r90,,,,,,,,,,,,,,,,,,,,,,,,r90,r90,r90,r90,r90,r90,r90,r90,,,,,,,,,,,,,,,,,,,,,,,,,,r90,r90,r90,
74,r91,,,r91,,,,,r91,,,,,,,,,,,,,,,,,,,,,,,,r91,r91,r91,r91,r91,r91,r91,r91,,,,,,,,,,,,,,,,,,,,,,,,,,r91,r91,r91,
75,r92,,,r92,,,,,r92,,,,,,,,,,,,,,,,,,,,,,,,r92,r92,r92,r92,r92,r92,r92,r92,,,,,,,,,,,,,,,,,,,,,,,,,,r92,r92,r92,
76,,,,,,,,,,s84,,,,,,,,,,,,,,,,,,,,,,,,,,,,,,,,,,,,,,,,,,,,,,,,,,,,,,,,,,,
77,,,,,,,,,,r40,,,,,,,,,,,,,,,,,,,,,,,,,,,,,,,,,,,,,,,,,,,,,,,,,,,,,,,,,,,
78,,,,,,,,,,r42,,,,,s85,,,,,,,,,,,,,,,,,,,,,,,,,,,,,,,,,,,,,,,,,,,,,,,,,,,,,,
79,,r60,r60,,,,r60,,,r60,,,,,r60,,,,,,,,r60,,,,,,,,,,,,,,,,r60,r60,r60,r60,r60,r60,r60,r60,r60,r60,r60,r60,r60,r60,r60,r60,r60,r60,r60,,,,,,,,,,,,
80,s27,,,s25,,,,,s22,,,,,,,,,,,,,,,,,,,,,,,,s33,s34,s35,s37,s38,s39,s31,s32,,,,,,,,,,,,,,,,,,,,,,,,,,s28,s29,s30,
81,,,,,,,,,,,,,,,,,,,,,,,,,,,s7,s8,s9,s10,s11,s12,,,,,,,,,,,,,,,,,,,,,,,,,,,,,,,,,,,,,
82,,,,,,,,,,r38,,,,,,,,,,,,,,,,,s7,s8,s9,s10,s11,s12,,,,,,,,,,,,,,,,,,,,,,,,,,,,,,,,,,,,,
83,,,,,,,,,,s89,,,,,,,,,,,,,,,,,,,,,,,,,,,,,,,,,,,,,,,,,,,,,,,,,,,,,,,,,,,
84,,r39,r39,,,,r39,,,r39,,,,,r39,,,,,,,,r39,,,,,,,,,,,,,,,,r39,r39,r39,r39,r39,r39,r39,r39,r39,r39,r39,r39,r39,r39,r39,r39,r39,r39,r39,,,,,,,,,,,,
85,s27,,,s25,,,,,s22,,,,,,,,,,,,,,,,,,,,,,,,s33,s34,s35,s37,s38,s39,s31,s32,,,,,,,,,,,,,,,,,,,,,,,,,,s28,s29,s30,
86,,r61,,,,,,,,,,,,,,,,,,,,,,,,,,,,,,,,,,,,,,,,,,,,,,,,,,,,,,,,,,,,,,,,,,,
87,s91,,,,,,,,,,,,,,,,,,,,,,,,,,,,,,,,,,,,,,,,,,,,,,,,,,,,,,,,,,,,,,,,,,,,
88,,,,,,,,,,r36,,,,,,,,,,,,,,,,,,,,,,,,,,,,,,,,,,,,,,,,,,,,,,,,,,,,,,,,,,,
89,,r55,r55,,,,r55,,,r55,,,,,r55,,,,,,,,r55,,,,,,,,,,,,,,,,r55,r55,r55,r55,r55,r55,r55,r55,r55,r55,r55,r55,r55,r55,r55,r55,r55,r55,r55,,,,,,,,,,,,
90,,,,,,,,,,r43,,,,,,,,,,,,,,,,,,,,,,,,,,,,,,,,,,,,,,,,,,,,,,,,,,,,,,,,,,,
91,s27,,,s103,,,,s104,s22,,,,s105,,,s106,s107,s108,s109,s110,s111,,,,,,s7,s8,s9,s10,s11,s12,s33,s34,s35,s37,s38,s39,s31,s32,,,,,,,,,,,,,,,,,,,,,,,,,,s28,s29,s30,
92,,s112,,,,,,,,,,,,,,,,,,,,,,,,,,,,,,,,,,,,,,,,,,,,,,,,,,,,,,,,,,,,,,,,,,,
93,s27,r5,,s103,,,,s104,s22,,,,s105,,,s106,s107,s108,s109,s110,s111,r5,,r5,,,s7,s8,s9,s10,s11,s12,s33,s34,s35,s37,s38,s39,s31,s32,,,,,,,,,,,,,,,,,,,,,,,,,,s28,s29,s30,
94,r8,r8,,r8,,,,r8,r8,,,r8,r8,,,r8,r8,r8,r8,r8,r8,r8,,r8,,,r8,r8,r8,r8,r8,r8,r8,r8,r8,r8,r8,r8,r8,r8,,,,,,,,,,,,,,,,,,,,,,,,,,r8,r8,r8,
95,r9,r9,,r9,,,,r9,r9,,,r9,r9,,,r9,r9,r9,r9,r9,r9,r9,,r9,,,r9,r9,r9,r9,r9,r9,r9,r9,r9,r9,r9,r9,r9,r9,,,,,,,,,,,,,,,,,,,,,,,,,,r9,r9,r9,
96,r10,r10,,r10,,,,r10,r10,,,r10,r10,,,r10,r10,r10,r10,r10,r10,r10,,r10,,,r10,r10,r10,r10,r10,r10,r10,r10,r10,r10,r10,r10,r10,r10,,,,,,,,,,,,,,,,,,,,,,,,,,r10,r10,r10,
97,r11,r11,,r11,,,,r11,r11,,,r11,r11,,,r11,r11,r11,r11,r11,r11,r11,,r11,,,r11,r11,r11,r11,r11,r11,r11,r11,r11,r11,r11,r11,r11,r11,,,,,,,,,,,,,,,,,,,,,,,,,,r11,r11,r11,
98,r12,r12,,r12,,,,r12,r12,,,r12,r12,,,r12,r12,r12,r12,r12,r12,r12,,r12,,,r12,r12,r12,r12,r12,r12,r12,r12,r12,r12,r12,r12,r12,r12,,,,,,,,,,,,,,,,,,,,,,,,,,r12,r12,r12,
99,r13,r13,,r13,,,,r13,r13,,,r13,r13,,,r13,r13,r13,r13,r13,r13,r13,,r13,,,r13,r13,r13,r13,r13,r13,r13,r13,r13,r13,r13,r13,r13,r13,,,,,,,,,,,,,,,,,,,,,,,,,,r13,r13,r13,
100,r14,r14,,r14,,,,r14,r14,,,r14,r14,,,r14,r14,r14,r14,r14,r14,r14,,r14,,,r14,r14,r14,r14,r14,r14,r14,r14,r14,r14,r14,r14,r14,r14,,,,,,,,,,,,,,,,,,,,,,,,,,r14,r14,r14,
101,r15,r15,,r15,,,,r15,r15,,,r15,r15,,,r15,r15,r15,r15,r15,r15,r15,,r15,,,r15,r15,r15,r15,r15,r15,r15,r15,r15,r15,r15,r15,r15,r15,,,,,,,,,,,,,,,,,,,,,,,,,,r15,r15,r15,
102,,,s114,,,,,,,,,,,,,,,,,,,,,,,,,,,,,,,,,,,,,,,,,,,,,,,,,,,,,,,,,,,,,,,,,,
103,,r58,r58,,s115,s116,,,s46,,,,,,r58,,,,,,,,,,,,,,,,,,,,,,,,,,,,,,,,,,,,,,,,,,,s118,s119,s120,s121,s122,s123,s124,s125,,,,
104,,,,,,,,,s126,,,,,,,,,,,,,,,,,,,,,,,,,,,,,,,,,,,,,,,,,,,,,,,,,,,,,,,,,,,,
105,,,,s127,,,,,,,,,,,,,,,,,,,,,,,,,,,,,,,,,,,,,,,,,,,,,,,,,,,,,,,,,,,,,,,,,
106,,,,,,,,,s128,,,,,,,,,,,,,,,,,,,,,,,,,,,,,,,,,,,,,,,,,,,,,,,,,,,,,,,,,,,,
107,s131,,,s103,,,,s104,s22,,,,s105,,,s106,s107,s108,s109,s110,s111,,,,,,s7,s8,s9,s10,s11,s12,s33,s34,s35,s37,s38,s39,s31,s32,,,,,,,,,,,,,,,,,,,,,,,,,,s28,s29,s30,
108,s27,,,s25,,,,,s22,,,,,,,,,,,,,,,,,,,,,,,,s33,s34,s35,s37,s38,s39,s31,s32,,,,,,,,,,,,,,,,,,,,,,,,,,s28,s29,s30,
109,,,s133,,,,,,,,,,,,,,,,,,,,,,,,,,,,,,,,,,,,,,,,,,,,,,,,,,,,,,,,,,,,,,,,,,
110,,,s134,,,,,,,,,,,,,,,,,,,,,,,,,,,,,,,,,,,,,,,,,,,,,,,,,,,,,,,,,,,,,,,,,,
111,,,,,,,,,s135,,,,,,,,,,,,,,,,,,,,,,,,,,,,,,,,,,,,,,,,,,,,,,,,,,,,,,,,,,,,
112,,,,,,,,,,,,,,,,,,,,,,,,,r35,,r35,r35,r35,r35,r35,r35,,,,,,,,,,,,,,,,,,,,,,,,,,,,,,,,,,,,,r35
113,,r4,,,,,,,,,,,,,,,,,,,,r4,,r4,,,,,,,,,,,,,,,,,,,,,,,,,,,,,,,,,,,,,,,,,,,,,
114,r16,r16,,r16,,,,r16,r16,,,r16,r16,,,r16,r16,r16,r16,r16,r16,r16,,r16,,,r16,r16,r16,r16,r16,r16,r16,r16,r16,r16,r16,r16,r16,r16,,,,,,,,,,,,,,,,,,,,,,,,,,r16,r16,r16,
115,s27,,,s25,,,,,s22,,,,,,,,,,,,,,,,,,,,,,,,s33,s34,s35,s37,s38,s39,s31,s32,,,,,,,,,,,,,,,,,,,,,,,,,,s28,s29,s30,
116,s27,,,s25,,,r48,,s22,,,,,,,,,,,,,,,,,,,,,,,,s33,s34,s35,s37,s38,s39,s31,s32,,,,,,,,,,,,,,,,,,,,,,,,,,s28,s29,s30,
117,s27,,,s25,,,,,s22,,,,,,,,,,,,,,,,,,,,,,,,s33,s34,s35,s37,s38,s39,s31,s32,,,,,,,,,,,,,,,,,,,,,,,,,,s28,s29,s30,
118,r93,,,r93,,,,,r93,,,,,,,,,,,,,,,,,,,,,,,,r93,r93,r93,r93,r93,r93,r93,r93,,,,,,,,,,,,,,,,,,,,,,,,,,r93,r93,r93,
119,r94,,,r94,,,,,r94,,,,,,,,,,,,,,,,,,,,,,,,r94,r94,r94,r94,r94,r94,r94,r94,,,,,,,,,,,,,,,,,,,,,,,,,,r94,r94,r94,
120,r95,,,r95,,,,,r95,,,,,,,,,,,,,,,,,,,,,,,,r95,r95,r95,r95,r95,r95,r95,r95,,,,,,,,,,,,,,,,,,,,,,,,,,r95,r95,r95,
121,r96,,,r96,,,,,r96,,,,,,,,,,,,,,,,,,,,,,,,r96,r96,r96,r96,r96,r96,r96,r96,,,,,,,,,,,,,,,,,,,,,,,,,,r96,r96,r96,
122,r97,,,r97,,,,,r97,,,,,,,,,,,,,,,,,,,,,,,,r97,r97,r97,r97,r97,r97,r97,r97,,,,,,,,,,,,,,,,,,,,,,,,,,r97,r97,r97,
123,r98,,,r98,,,,,r98,,,,,,,,,,,,,,,,,,,,,,,,r98,r98,r98,r98,r98,r98,r98,r98,,,,,,,,,,,,,,,,,,,,,,,,,,r98,r98,r98,
124,r99,,,r99,,,,,r99,,,,,,,,,,,,,,,,,,,,,,,,r99,r99,r99,r99,r99,r99,r99,r99,,,,,,,,,,,,,,,,,,,,,,,,,,r99,r99,r99,
125,r100,,,r100,,,,,r100,,,,,,,,,,,,,,,,,,,,,,,,r100,r100,r100,r100,r100,r100,r100,r100,,,,,,,,,,,,,,,,,,,,,,,,,,r100,r100,r100,
126,s27,,,s25,,,,,s22,,,,,,,,,,,,,,,,,,,,,,,,s33,s34,s35,s37,s38,s39,s31,s32,,,,,,,,,,,,,,,,,,,,,,,,,,s28,s29,s30,
127,,,,,,,,,,,,,,s140,,,,,,,,,,,,,,,,,,,,,,,,,,,,,,,,,,,,,,,,,,,,,,,,,,,,,,,
128,s27,,,s25,,,,,s22,,,,,,,,,,,,,,,,,,,,,,,,s33,s34,s35,s37,s38,s39,s31,s32,,,,,,,,,,,,,,,,,,,,,,,,,,s28,s29,s30,
129,,,,,,,,,,,,,,,,s142,,,,,,,,,,,,,,,,,,,,,,,,,,,,,,,,,,,,,,,,,,,,,,,,,,,,,
130,r6,r6,,r6,,,,r6,r6,,,r6,r6,,,r6,r6,r6,r6,r6,r6,r6,,r6,,,r6,r6,r6,r6,r6,r6,r6,r6,r6,r6,r6,r6,r6,r6,,,,,,,,,,,,,,,,,,,,,,,,,,r6,r6,r6,
131,s27,,,s103,,,,s104,s22,,,,s105,,,s106,s107,s108,s109,s110,s111,,,,,,s7,s8,s9,s10,s11,s12,s33,s34,s35,s37,s38,s39,s31,s32,,,,,,,,,,,,,,,,,,,,,,,,,,s28,s29,s30,
132,,,s145,,,,,,,,,,,,,,,,,,,,,,,,,,,,,,,,,,,,,,,,,,,,,,,,,,,,,,,,,,,,,,,,,,
133,r29,r29,,r29,,,,r29,r29,,,r29,r29,,,r29,r29,r29,r29,r29,r29,r29,,r29,,,r29,r29,r29,r29,r29,r29,r29,r29,r29,r29,r29,r29,r29,r29,,,,,,,,,,,,,,,,,,,,,,,,,,r29,r29,r29,
134,r30,r30,,r30,,,,r30,r30,,,r30,r30,,,r30,r30,r30,r30,r30,r30,r30,,r30,,,r30,r30,r30,r30,r30,r30,r30,r30,r30,r30,r30,r30,r30,r30,,,,,,,,,,,,,,,,,,,,,,,,,,r30,r30,r30,
135,s27,,,s25,,,,,s22,,,,,,,,,,,,,,,,,,,,,,,,s33,s34,s35,s37,s38,s39,s31,s32,,,,,,,,,,,,,,,,,,,,,,,,,,s28,s29,s30,
136,,,s147,,,,,,,,,,,,,,,,,,,,,,,,,,,,,,,,,,,,,,,,,,,,,,,,,,,,,,,,,,,,,,,,,,
137,,,,,,,s148,,,,,,,,,,,,,,,,,,,,,,,,,,,,,,,,,,,,,,,,,,,,,,,,,,,,,,,,,,,,,,
138,,,s149,,,,,,,,,,,,,,,,,,,,,,,,,,,,,,,,,,,,,,,,,,,,,,,,,,,,,,,,,,,,,,,,,,
139,,,,,,,,,,s150,,,,,,,,,,,,,,,,,,,,,,,,,,,,,,,,,,,,,,,,,,,,,,,,,,,,,,,,,,,
140,,,,,,,,,s151,,,,,,,,,,,,,,,,,,,,,,,,,,,,,,,,,,,,,,,,,,,,,,,,,,,,,,,,,,,,
141,,,,,,,,,,s152,,,,,,,,,,,,,,,,,,,,,,,,,,,,,,,,,,,,,,,,,,,,,,,,,,,,,,,,,,,
142,,,,,,,,,s153,,,,,,,,,,,,,,,,,,,,,,,,,,,,,,,,,,,,,,,,,,,,,,,,,,,,,,,,,,,,
143,,s154,,,,,,,,,,,,,,,,,,,,,,,,,,,,,,,,,,,,,,,,,,,,,,,,,,,,,,,,,,,,,,,,,,,
144,,r62,s114,,,,,,,,,,,,s80,,,,,,,,,,,,,,,,,,,,,,,,,,,,,,,,,,,,,,,,,,,,,,,,,,,,,,
145,r28,r28,,r28,,,,r28,r28,,,r28,r28,,,r28,r28,r28,r28,r28,r28,r28,,r28,,,r28,r28,r28,r28,r28,r28,r28,r28,r28,r28,r28,r28,r28,r28,,,,,,,,,,,,,,,,,,,,,,,,,,r28,r28,r28,
146,,,,,,,,,,s155,,,,,,,,,,,,,,,,,,,,,,,,,,,,,,,,,,,,,,,,,,,,,,,,,,,,,,,,,,,
147,r18,r18,,r18,,,,r18,r18,,,r18,r18,,,r18,r18,r18,r18,r18,r18,r18,,r18,,,r18,r18,r18,r18,r18,r18,r18,r18,r18,r18,r18,r18,r18,r18,,,,,,,,,,,,,,,,,,,,,,,,,,r18,r18,r18,
148,,,,,s156,,,,,,,,,,,,,,,,,,,,,,,,,,,,,,,,,,,,,,,,,,,,,,,,,,,,,s118,s119,s120,s121,s122,s123,s124,s125,,,,
149,r20,r20,,r20,,,,r20,r20,,,r20,r20,,,r20,r20,r20,r20,r20,r20,r20,,r20,,,r20,r20,r20,r20,r20,r20,r20,r20,r20,r20,r20,r20,r20,r20,,,,,,,,,,,,,,,,,,,,,,,,,,r20,r20,r20,
150,s131,,,s103,,,,s104,s22,,,,s105,,,s106,s107,s108,s109,s110,s111,,,,,,s7,s8,s9,s10,s11,s12,s33,s34,s35,s37,s38,s39,s31,s32,,,,,,,,,,,,,,,,,,,,,,,,,,s28,s29,s30,
151,s27,,,s25,,,,,s22,,,,,,,,,,,,,,,,,,,,,,,,s33,s34,s35,s37,s38,s39,s31,s32,,,,,,,,,,,,,,,,,,,,,,,,,,s28,s29,s30,
152,s131,,,s103,,,,s104,s22,,,,s105,,,s106,s107,s108,s109,s110,s111,,,,,,s7,s8,s9,s10,s11,s12,s33,s34,s35,s37,s38,s39,s31,s32,,,,,,,,,,,,,,,,,,,,,,,,,,s28,s29,s30,
153,s27,,,s25,,,,,s22,,,,,,,,,,,,,,,,,,,,,,,,s33,s34,s35,s37,s38,s39,s31,s32,,,,,,,,,,,,,,,,,,,,,,,,,,s28,s29,s30,
154,r7,r7,,r7,,,,r7,r7,,,r7,r7,,,r7,r7,r7,r7,r7,r7,r7,,r7,,,r7,r7,r7,r7,r7,r7,r7,r7,r7,r7,r7,r7,r7,r7,,,,,,,,,,,,,,,,,,,,,,,,,,r7,r7,r7,
155,s162,,,,,,,,,,,,,,,,,,,,,,,,,,,,,,,,,,,,,,,,,,,,,,,,,,,,,,,,,,,,,,,,,,,,
156,s27,,,s25,,,,,s22,,,,,,,,,,,,,,,,,,,,,,,,s33,s34,s35,s37,s38,s39,s31,s32,,,,,,,,,,,,,,,,,,,,,,,,,,s28,s29,s30,
157,s27,,,s25,,,,,s22,,,,,,,,,,,,,,,,,,,,,,,,s33,s34,s35,s37,s38,s39,s31,s32,,,,,,,,,,,,,,,,,,,,,,,,,,s28,s29,s30,
158,,,,,,,,,,,,s166,,,,,,,,,,,,,,,,,,,,,,,,,,,,,,,,,,,,,,,,,,,,,,,,,,,,,,,,,
159,,,,,,,,,,,,,,,s167,,,,,,,,,,,,,,,,,,,,,,,,,,,,,,,,,,,,,,,,,,,,,,,,,,,,,,
160,r26,r26,,r26,,,,r26,r26,,,r26,r26,,,r26,r26,r26,r26,r26,r26,r26,,r26,,,r26,r26,r26,r26,r26,r26,r26,r26,r26,r26,r26,r26,r26,r26,,,,,,,,,,,,,,,,,,,,,,,,,,r26,r26,r26,
161,,,,,,,,,,s168,,,,,,,,,,,,,,,,,,,,,,,,,,,,,,,,,,,,,,,,,,,,,,,,,,,,,,,,,,,
162,,r34,,,,,,,,,,,,,,,,,,,,s170,,s171,,,,,,,,,,,,,,,,,,,,,,,,,,,,,,,,,,,,,,,,,,,,,
163,,,s172,,,,,,,,,,,,,,,,,,,,,,,,,,,,,,,,,,,,,,,,,,,,,,,,,,,,,,,,,,,,,,,,,,
164,,,s173,,,,,,,,,,,,,,,,,,,,,,,,,,,,,,,,,,,,,,,,,,,,,,,,,,,,,,,,,,,,,,,,,,
165,r22,r22,,r22,,,,r22,r22,,s174,r22,r22,,,r22,r22,r22,r22,r22,r22,r22,,r22,,,r22,r22,r22,r22,r22,r22,r22,r22,r22,r22,r22,r22,r22,r22,,,,,,,,,,,,,,,,,,,,,,,,,,r22,r22,r22,
166,,,,,,,,,s175,,,,,,,,,,,,,,,,,,,,,,,,,,,,,,,,,,,,,,,,,,,,,,,,,,,,,,,,,,,,
167,s27,,,s25,,,,,s22,,,,,,,,,,,,,,,,,,,,,,,,s33,s34,s35,s37,s38,s39,s31,s32,,,,,,,,,,,,,,,,,,,,,,,,,,s28,s29,s30,
168,,,s177,,,,,,,,,,,,,,,,,,,,,,,,,,,,,,,,,,,,,,,,,,,,,,,,,,,,,,,,,,,,,,,,,,
169,,s178,,,,,,,,,,,,,,,,,,,,,,,,,,,,,,,,,,,,,,,,,,,,,,,,,,,,,,,,,,,,,,,,,,,
170,s27,,,s25,,,,,s22,,,,,,,,,,,,,,,,,,,,,,,,s33,s34,s35,s37,s38,s39,s31,s32,,,,,,,,,,,,,,,,,,,,,,,,,,s28,s29,s30,
171,,,,,,,,,,,,,,,,,,,,,,,s180,,,,,,,,,,,,,,,,,,,,,,,,,,,,,,,,,,,,,,,,,,,,,,
172,r19,r19,,r19,,,,r19,r19,,,r19,r19,,,r19,r19,r19,r19,r19,r19,r19,,r19,,,r19,r19,r19,r19,r19,r19,r19,r19,r19,r19,r19,r19,r19,r19,,,,,,,,,,,,,,,,,,,,,,,,,,r19,r19,r19,
173,r21,r21,,r21,,,,r21,r21,,,r21,r21,,,r21,r21,r21,r21,r21,r21,r21,,r21,,,r21,r21,r21,r21,r21,r21,r21,r21,r21,r21,r21,r21,r21,r21,,,,,,,,,,,,,,,,,,,,,,,,,,r21,r21,r21,
174,s131,,,s103,,,,s104,s22,,,,s105,,,s106,s107,s108,s109,s110,s111,,,,,,s7,s8,s9,s10,s11,s12,s33,s34,s35,s37,s38,s39,s31,s32,,,,,,,,,,,,,,,,,,,,,,,,,,s28,s29,s30,
175,s27,,,s25,,,,,s22,,,,,,,,,,,,,,,,,,,,,,,,s33,s34,s35,s37,s38,s39,s31,s32,,,,,,,,,,,,,,,,,,,,,,,,,,s28,s29,s30,
176,,,,,,,,,,s183,,,,,,,,,,,,,,,,,,,,,,,,,,,,,,,,,,,,,,,,,,,,,,,,,,,,,,,,,,,
177,r27,r27,,r27,,,,r27,r27,,,r27,r27,,,r27,r27,r27,r27,r27,r27,r27,,r27,,,r27,r27,r27,r27,r27,r27,r27,r27,r27,r27,r27,r27,r27,r27,,,,,,,,,,,,,,,,,,,,,,,,,,r27,r27,r27,
178,r31,r31,,r31,,,,r31,r31,,,r31,r31,,,r31,r31,r31,r31,r31,r31,r31,,r31,,,r31,r31,r31,r31,r31,r31,r31,r31,r31,r31,r31,r31,r31,r31,,,,,,,,,,,,,,,,,,,,,,,,,,r31,r31,r31,
179,,,,,,,,,,,,,,,,,,,,,,,s184,,,,,,,,,,,,,,,,,,,,,,,,,,,,,,,,,,,,,,,,,,,,,,
180,s27,,,s103,,,,s104,s22,,,,s105,,,s106,s107,s108,s109,s110,s111,,,,,,s7,s8,s9,s10,s11,s12,s33,s34,s35,s37,s38,s39,s31,s32,,,,,,,,,,,,,,,,,,,,,,,,,,s28,s29,s30,
181,r23,r23,,r23,,,,r23,r23,,,r23,r23,,,r23,r23,r23,r23,r23,r23,r23,,r23,,,r23,r23,r23,r23,r23,r23,r23,r23,r23,r23,r23,r23,r23,r23,,,,,,,,,,,,,,,,,,,,,,,,,,r23,r23,r23,
182,,,,,,,,,,s186,,,,,,,,,,,,,,,,,,,,,,,,,,,,,,,,,,,,,,,,,,,,,,,,,,,,,,,,,,,
183,s131,,,s103,,,,s104,s22,,,,s105,,,s106,s107,s108,s109,s110,s111,,,,,,s7,s8,s9,s10,s11,s12,s33,s34,s35,s37,s38,s39,s31,s32,,,,,,,,,,,,,,,,,,,,,,,,,,s28,s29,s30,
184,s27,,,s103,,,,s104,s22,,,,s105,,,s106,s107,s108,s109,s110,s111,,,,,,s7,s8,s9,s10,s11,s12,s33,s34,s35,s37,s38,s39,s31,s32,,,,,,,,,,,,,,,,,,,,,,,,,,s28,s29,s30,
185,,r33,,,,,,,,,,,,,,,,,,,,,,,,,,,,,,,,,,,,,,,,,,,,,,,,,,,,,,,,,,,,,,,,,,,
186,s131,,,s103,,,,s104,s22,,,,s105,,,s106,s107,s108,s109,s110,s111,,,,,,s7,s8,s9,s10,s11,s12,s33,s34,s35,s37,s38,s39,s31,s32,,,,,,,,,,,,,,,,,,,,,,,,,,s28,s29,s30,
187,r25,r25,,r25,,,,r25,r25,,,r25,r25,,,r25,r25,r25,r25,r25,r25,r25,,r25,,,r25,r25,r25,r25,r25,r25,r25,r25,r25,r25,r25,r25,r25,r25,,,,,,,,,,,,,,,,,,,,,,,,,,r25,r25,r25,
188,,r34,,,,,,,,,,,,,,,,,,,,s170,,s171,,,,,,,,,,,,,,,,,,,,,,,,,,,,,,,,,,,,,,,,,,,,,
189,,,,,,,,,,,,s166,,,,,,,,,,,,,,,,,,,,,,,,,,,,,,,,,,,,,,,,,,,,,,,,,,,,,,,,,
190,,r32,,,,,,,,,,,,,,,,,,,,,,,,,,,,,,,,,,,,,,,,,,,,,,,,,,,,,,,,,,,,,,,,,,,
191,r24,r24,,r24,,,,r24,r24,,r24,r24,r24,,,r24,r24,r24,r24,r24,r24,r24,,r24,,,r24,r24,r24,r24,r24,r24,r24,r24,r24,r24,r24,r24,r24,r24,,,,,,,,,,,,,,,,,,,,,,,,,,r24,r24,r24,