STATE,SYM_P1,SYM_P2,SYM_SEMICOLON,IDENTIFIER,OP_ASSGN,SYM_SB1,SYM_SB2,KEYWD_IF,SYM_B1,SYM_B2,KEYWD_ELSE,KEYWD_FOR,KEYWD_IN,OP_COMMA,KEYWD_WHILE,KEYWD_DO,KEYWD_RETURN,KEYWD_BREAK,KEYWD_CONTINUE,KEYWD_SELECT,KEYWD_CASE,OP_TERN1,KEYWD_DEFAULT,KEYWD_DEF,OP_FUNC,KEYWD_INT,KEYWD_FLOAT,KEYWD_CHAR,KEYWD_BOOL,KEYWD_VOID,KEYWD_STRING,INT_LIT,FLOAT_LITERAL,CHAR_LIT,STR_LIT,KEYWD_TRUE,KEYWD_FALSE,OP_AR_add,OP_AR_sub,OP_AR_mul,OP_AR_div,OP_AR_mod,OP_REL_gt,OP_REL_ge,OP_REL_lt,OP_REL_le,OP_REL_eq,OP_REL_neq,OP_LOG_and,OP_LOG_or,OP_LOG_not,OP_BIT_and,OP_BIT_or,OP_BIT_ls,OP_BIT_rs,OP_BIT_xor,OP_ASSGN1,OP_ASSGN2,OP_ASSGN3,OP_ASSGN4,OP_ASSGN5,OP_ASSGN6,OP_ASSGN7,OP_ASSGN8,OP_INCR,OP_DECR,OP_BIT4,$
0,,,,,,,,,,,,,,,,,,,,,,,,s5,,s7,s8,s9,s10,s11,s12,,,,,,,,,,,,,,,,,,,,,,,,,,,,,,,,,,,,,r3
1,,,,,,,,,,,,,,,,,,,,,,,,,,,,,,,,,,,,,,,,,,,,,,,,,,,,,,,,,,,,,,,,,,,,acc
2,,,,,,,,,,,,,,,,,,,,,,,,s5,,s7,s8,s9,s10,s11,s12,,,,,,,,,,,,,,,,,,,,,,,,,,,,,,,,,,,,,r3
3,,,,,,,,,,,,,,,,,,,,,,,,s5,,s7,s8,s9,s10,s11,s12,,,,,,,,,,,,,,,,,,,,,,,,,,,,,,,,,,,,,r3
4,,,,s15,,,,,,,,,,,,,,,,,,,,,,,,,,,,,,,,,,,,,,,,,,,,,,,,,,,,,,,,,,,,,,,,
5,,,,s16,,,,,,,,,,,,,,,,,,,,,,,,,,,,,,,,,,,,,,,,,,,,,,,,,,,,,,,,,,,,,,,,
6,r42,,,r42,,s17,,,,,,,,,,,,,,,,,,,,,,,,,,,,,,,,,,,,,,,,,,,,,,,,,,,,,,,,,,,,,,
7,r47,,,r47,,r47,,,,,,,,,,,,,,,,,,,,,,,,,,,,,,,,,,,,,,,,,,,,,,,,,,,,,,,,,,,,,,
8,r48,,,r48,,r48,,,,,,,,,,,,,,,,,,,,,,,,,,,,,,,,,,,,,,,,,,,,,,,,,,,,,,,,,,,,,,
9,r49,,,r49,,r49,,,,,,,,,,,,,,,,,,,,,,,,,,,,,,,,,,,,,,,,,,,,,,,,,,,,,,,,,,,,,,
10,r50,,,r50,,r50,,,,,,,,,,,,,,,,,,,,,,,,,,,,,,,,,,,,,,,,,,,,,,,,,,,,,,,,,,,,,,
11,r51,,,r51,,r51,,,,,,,,,,,,,,,,,,,,,,,,,,,,,,,,,,,,,,,,,,,,,,,,,,,,,,,,,,,,,,
12,r52,,,r52,,r52,,,,,,,,,,,,,,,,,,,,,,,,,,,,,,,,,,,,,,,,,,,,,,,,,,,,,,,,,,,,,,
13,,,,,,,,,,,,,,,,,,,,,,,,,,,,,,,,,,,,,,,,,,,,,,,,,,,,,,,,,,,,,,,,,,,,r1
14,,,,,,,,,,,,,,,,,,,,,,,,,,,,,,,,,,,,,,,,,,,,,,,,,,,,,,,,,,,,,,,,,,,,r2
15,,,s18,,,,,,,,,,,,,,,,,,,,,,,,,,,,,,,,,,,,,,,,,,,,,,,,,,,,,,,,,,,,,,,,,
16,,,,,,,,,s19,,,,,,,,,,,,,,,,,,,,,,,,,,,,,,,,,,,,,,,,,,,,,,,,,,,,,,,,,,,
17,s27,,,s25,,,r46,,s22,,,,,,,,,,,,,,,,,,,,,,,s33,s34,s35,s37,s38,s39,s31,s32,,,,,,,,,,,,,,,,,,,,,,,,,,s28,s29,s30,
18,r17,r17,,r17,,,,r17,r17,,r17,r17,,,r17,r17,r17,r17,r17,r17,r17,,r17,r17,,r17,r17,r17,r17,r17,r17,r17,r17,r17,r17,r17,r17,r17,r17,,,,,,,,,,,,,,,,,,,,,,,,,,r17,r17,r17,r17
19,,,,,,,,,,r36,,,,,,,,,,,,,,,,s7,s8,s9,s10,s11,s12,,,,,,,,,,,,,,,,,,,,,,,,,,,,,,,,,,,,,
20,,,,,,,s42,,,,,,,,,,,,,,,,,,,,,,,,,,,,,,,,,,,,,,,,,,,,,,,,,,,,,,,,,,,,,
21,,,,,,,r45,,,,,,,s43,,,,,,,,,,,,,,,,,,,,,,,,,,,,,,,,,,,,,,,,,,,,,,,,,,,,,,
22,s27,,,s25,,,,,s22,,,,,,,,,,,,,,,,,,,,,,,s33,s34,s35,s37,s38,s39,s31,s32,,,,,,,,,,,,,,,,,,,,,,,,,,s28,s29,s30,
23,s27,,,s25,,,,,s22,,,,,,,,,,,,,,,,,,,,,,,s33,s34,s35,s37,s38,s39,s31,s32,,,,,,,,,,,,,,,,,,,,,,,,,,s28,s29,s30,
24,,r55,r55,,,,r55,,,r55,,,,r55,,,,,,,,r55,,,,,,,,,,,,,,,,r55,r55,r55,r55,r55,r55,r55,r55,r55,r55,r55,r55,r55,r55,r55,r55,r55,r55,r55,,,,,,,,,,,,
25,,r56,r56,,,,r56,,s46,r56,,,,r56,,,,,,,,r56,,,,,,,,,,,,,,,,r56,r56,r56,r56,r56,r56,r56,r56,r56,r56,r56,r56,r56,r56,r56,r56,r56,r56,r56,,,,,,,,,,,,
26,,r57,r57,,,,r57,,,r57,,,,r57,,,,,,,,r57,,,,,,,,,,,,,,,,r57,r57,r57,r57,r57,r57,r57,r57,r57,r57,r57,r57,r57,r57,r57,r57,r57,r57,r57,,,,,,,,,,,,
27,s27,,,s25,,,,,s22,,,,,,,,,,,,,,,,,,,,,,,s33,s34,s35,s37,s38,s39,s31,s32,,,,,,,,,,,,,,,,,,,,,,,,,,s28,s29,s30,
28,r99,,,r99,,,,,r99,,,,,,,,,,,,,,,,,,,,,,,r99,r99,r99,r99,r99,r99,r99,r99,,,,,,,,,,,,,,,,,,,,,,,,,,r99,r99,r99,
29,r100,,,r100,,,,,r100,,,,,,,,,,,,,,,,,,,,,,,r100,r100,r100,r100,r100,r100,r100,r100,,,,,,,,,,,,,,,,,,,,,,,,,,r100,r100,r100,
30,r101,,,r101,,,,,r101,,,,,,,,,,,,,,,,,,,,,,,r101,r101,r101,r101,r101,r101,r101,r101,,,,,,,,,,,,,,,,,,,,,,,,,,r101,r101,r101,
31,r102,,,r102,,,,,r102,,,,,,,,,,,,,,,,,,,,,,,r102,r102,r102,r102,r102,r102,r102,r102,,,,,,,,,,,,,,,,,,,,,,,,,,r102,r102,r102,
32,r103,,,r103,,,,,r103,,,,,,,,,,,,,,,,,,,,,,,r103,r103,r103,r103,r103,r103,r103,r103,,,,,,,,,,,,,,,,,,,,,,,,,,r103,r103,r103,
33,,r61,r61,,,,r61,,,r61,,,,r61,,,,,,,,r61,,,,,,,,,,,,,,,,r61,r61,r61,r61,r61,r61,r61,r61,r61,r61,r61,r61,r61,r61,r61,r61,r61,r61,r61,,,,,,,,,,,,
34,,r62,r62,,,,r62,,,r62,,,,r62,,,,,,,,r62,,,,,,,,,,,,,,,,r62,r62,r62,r62,r62,r62,r62,r62,r62,r62,r62,r62,r62,r62,r62,r62,r62,r62,r62,,,,,,,,,,,,
35,,r63,r63,,,,r63,,,r63,,,,r63,,,,,,,,r63,,,,,,,,,,,,,,,,r63,r63,r63,r63,r63,r63,r63,r63,r63,r63,r63,r63,r63,r63,r63,r63,r63,r63,r63,,,,,,,,,,,,
36,,r64,r64,,,,r64,,,r64,,,,r64,,,,,,,,r64,,,,,,,,,,,,,,,,r64,r64,r64,r64,r64,r64,r64,r64,r64,r64,r64,r64,r64,r64,r64,r64,r64,r64,r64,,,,,,,,,,,,
37,,r65,r65,,,,r65,,,r65,,,,r65,,,,,,,,r65,,,,,,,,,,,,,,,,r65,r65,r65,r65,r65,r65,r65,r65,r65,r65,r65,r65,r65,r65,r65,r65,r65,r65,r65,,,,,,,,,,,,
38,,r66,r66,,,,r66,,,r66,,,,r66,,,,,,,,r66,,,,,,,,,,,,,,,,r66,r66,r66,r66,r66,r66,r66,r66,r66,r66,r66,r66,r66,r66,r66,r66,r66,r66,r66,,,,,,,,,,,,
39,,r67,r67,,,,r67,,,r67,,,,r67,,,,,,,,r67,,,,,,,,,,,,,,,,r67,r67,r67,r67,r67,r67,r67,r67,r67,r67,r67,r67,r67,r67,r67,r67,r67,r67,r67,,,,,,,,,,,,
40,,,,,,,,,,s49,,,,,,,,,,,,,,,,,,,,,,,,,,,,,,,,,,,,,,,,,,,,,,,,,,,,,,,,,,
41,,,,s50,,,,,,,,,,,,,,,,,,,,,,,,,,,,,,,,,,,,,,,,,,,,,,,,,,,,,,,,,,,,,,,,
42,r43,,,r43,,,,,,,,,,,,,,,,,,,,,,,,,,,,,,,,,,,,,,,,,,,,,,,,,,,,,,,,,,,,,,,,
43,s27,,,s25,,,r46,,s22,,,,,,,,,,,,,,,,,,,,,,,s33,s34,s35,s37,s38,s39,s31,s32,,,,,,,,,,,,,,,,,,,,,,,,,,s28,s29,s30,
44,,,,,,,,,,,,,,,,,,,,,,,,,,,,,,,,,,,,,,s57,s58,s59,s60,s61,s62,s63,s64,s65,s66,s67,s68,s69,s70,s71,s72,s73,s74,s75,,,,,,,,,,,,
45,,r54,r54,,,,r54,,,r54,,,,r54,,,,,,,,r54,,,,,,,,,,,,,,,,r54,r54,r54,r54,r54,r54,r54,r54,r54,r54,r54,r54,r54,r54,r54,r54,r54,r54,r54,,,,,,,,,,,,
46,s27,,,s25,,,,,s22,r39,,,,,,,,,,,,,,,,,,,,,,s33,s34,s35,s37,s38,s39,s31,s32,,,,,,,,,,,,,,,,,,,,,,,,,,s28,s29,s30,
47,,s79,,,,,,,,,,,,,,,,,,,,,,,,,,,,,,,,,,,,,,,,,,,,,,,,,,,,,,,,,,,,,,,,,,
48,,r60,,,,,,,,,,,,s80,,,,,,,,,,,,,,,,,,,,,,,,,,,,,,,,,,,,,,,,,,,,,,,,,,,,,,
49,,,,,,,,,,,,,,,,,,,,,,,,,s81,,,,,,,,,,,,,,,,,,,,,,,,,,,,,,,,,,,,,,,,,,,
50,,,,,,,,,,r35,,,,s82,,,,,,,,,,,,,,,,,,,,,,,,,,,,,,,,,,,,,,,,,,,,,,,,,,,,,,
51,,,,,,,r44,,,,,,,,,,,,,,,,,,,,,,,,,,,,,,,,,,,,,,,,,,,,,,,,,,,,,,,,,,,,,
52,s27,,,s25,,,,,s22,,,,,,,,,,,,,,,,,,,,,,,s33,s34,s35,s37,s38,s39,s31,s32,,,,,,,,,,,,,,,,,,,,,,,,,,s28,s29,s30,
53,r68,,,r68,,,,,r68,,,,,,,,,,,,,,,,,,,,,,,r68,r68,r68,r68,r68,r68,r68,r68,,,,,,,,,,,,,,,,,,,,,,,,,,r68,r68,r68,
54,r69,,,r69,,,,,r69,,,,,,,,,,,,,,,,,,,,,,,r69,r69,r69,r69,r69,r69,r69,r69,,,,,,,,,,,,,,,,,,,,,,,,,,r69,r69,r69,
55,r70,,,r70,,,,,r70,,,,,,,,,,,,,,,,,,,,,,,r70,r70,r70,r70,r70,r70,r70,r70,,,,,,,,,,,,,,,,,,,,,,,,,,r70,r70,r70,
56,r71,,,r71,,,,,r71,,,,,,,,,,,,,,,,,,,,,,,r71,r71,r71,r71,r71,r71,r71,r71,,,,,,,,,,,,,,,,,,,,,,,,,,r71,r71,r71,
57,r72,,,r72,,,,,r72,,,,,,,,,,,,,,,,,,,,,,,r72,r72,r72,r72,r72,r72,r72,r72,,,,,,,,,,,,,,,,,,,,,,,,,,r72,r72,r72,
58,r73,,,r73,,,,,r73,,,,,,,,,,,,,,,,,,,,,,,r73,r73,r73,r73,r73,r73,r73,r73,,,,,,,,,,,,,,,,,,,,,,,,,,r73,r73,r73,
59,r74,,,r74,,,,,r74,,,,,,,,,,,,,,,,,,,,,,,r74,r74,r74,r74,r74,r74,r74,r74,,,,,,,,,,,,,,,,,,,,,,,,,,r74,r74,r74,
60,r75,,,r75,,,,,r75,,,,,,,,,,,,,,,,,,,,,,,r75,r75,r75,r75,r75,r75,r75,r75,,,,,,,,,,,,,,,,,,,,,,,,,,r75,r75,r75,
61,r76,,,r76,,,,,r76,,,,,,,,,,,,,,,,,,,,,,,r76,r76,r76,r76,r76,r76,r76,r76,,,,,,,,,,,,,,,,,,,,,,,,,,r76,r76,r76,
62,r77,,,r77,,,,,r77,,,,,,,,,,,,,,,,,,,,,,,r77,r77,r77,r77,r77,r77,r77,r77,,,,,,,,,,,,,,,,,,,,,,,,,,r77,r77,r77,
63,r78,,,r78,,,,,r78,,,,,,,,,,,,,,,,,,,,,,,r78,r78,r78,r78,r78,r78,r78,r78,,,,,,,,,,,,,,,,,,,,,,,,,,r78,r78,r78,
64,r79,,,r79,,,,,r79,,,,,,,,,,,,,,,,,,,,,,,r79,r79,r79,r79,r79,r79,r79,r79,,,,,,,,,,,,,,,,,,,,,,,,,,r79,r79,r79,
65,r80,,,r80,,,,,r80,,,,,,,,,,,,,,,,,,,,,,,r80,r80,r80,r80,r80,r80,r80,r80,,,,,,,,,,,,,,,,,,,,,,,,,,r80,r80,r80,
66,r81,,,r81,,,,,r81,,,,,,,,,,,,,,,,,,,,,,,r81,r81,r81,r81,r81,r81,r81,r81,,,,,,,,,,,,,,,,,,,,,,,,,,r81,r81,r81,
67,r82,,,r82,,,,,r82,,,,,,,,,,,,,,,,,,,,,,,r82,r82,r82,r82,r82,r82,r82,r82,,,,,,,,,,,,,,,,,,,,,,,,,,r82,r82,r82,
68,r83,,,r83,,,,,r83,,,,,,,,,,,,,,,,,,,,,,,r83,r83,r83,r83,r83,r83,r83,r83,,,,,,,,,,,,,,,,,,,,,,,,,,r83,r83,r83,
69,r84,,,r84,,,,,r84,,,,,,,,,,,,,,,,,,,,,,,r84,r84,r84,r84,r84,r84,r84,r84,,,,,,,,,,,,,,,,,,,,,,,,,,r84,r84,r84,
70,r85,,,r85,,,,,r85,,,,,,,,,,,,,,,,,,,,,,,r85,r85,r85,r85,r85,r85,r85,r85,,,,,,,,,,,,,,,,,,,,,,,,,,r85,r85,r85,
71,r86,,,r86,,,,,r86,,,,,,,,,,,,,,,,,,,,,,,r86,r86,r86,r86,r86,r86,r86,r86,,,,,,,,,,,,,,,,,,,,,,,,,,r86,r86,r86,
72,r87,,,r87,,,,,r87,,,,,,,,,,,,,,,,,,,,,,,r87,r87,r87,r87,r87,r87,r87,r87,,,,,,,,,,,,,,,,,,,,,,,,,,r87,r87,r87,
73,r88,,,r88,,,,,r88,,,,,,,,,,,,,,,,,,,,,,,r88,r88,r88,r88,r88,r88,r88,r88,,,,,,,,,,,,,,,,,,,,,,,,,,r88,r88,r88,
74,r89,,,r89,,,,,r89,,,,,,,,,,,,,,,,,,,,,,,r89,r89,r89,r89,r89,r89,r89,r89,,,,,,,,,,,,,,,,,,,,,,,,,,r89,r89,r89,
75,r90,,,r90,,,,,r90,,,,,,,,,,,,,,,,,,,,,,,r90,r90,r90,r90,r90,r90,r90,r90,,,,,,,,,,,,,,,,,,,,,,,,,,r90,r90,r90,
76,,,,,,,,,,s84,,,,,,,,,,,,,,,,,,,,,,,,,,,,,,,,,,,,,,,,,,,,,,,,,,,,,,,,,,
77,,,,,,,,,,r38,,,,,,,,,,,,,,,,,,,,,,,,,,,,,,,,,,,,,,,,,,,,,,,,,,,,,,,,,,
78,,,,,,,,,,r40,,,,s85,,,,,,,,,,,,,,,,,,,,,,,,,,,,,,,,,,,,,,,,,,,,,,,,,,,,,,
79,,r58,r58,,,,r58,,,r58,,,,r58,,,,,,,,r58,,,,,,,,,,,,,,,,r58,r58,r58,r58,r58,r58,r58,r58,r58,r58,r58,r58,r58,r58,r58,r58,r58,r58,r58,,,,,,,,,,,,
80,s27,,,s25,,,,,s22,,,,,,,,,,,,,,,,,,,,,,,s33,s34,s35,s37,s38,s39,s31,s32,,,,,,,,,,,,,,,,,,,,,,,,,,s28,s29,s30,
81,,,,,,,,,,,,,,,,,,,,,,,,,,s7,s8,s9,s10,s11,s12,,,,,,,,,,,,,,,,,,,,,,,,,,,,,,,,,,,,,
82,,,,,,,,,,r36,,,,,,,,,,,,,,,,s7,s8,s9,s10,s11,s12,,,,,,,,,,,,,,,,,,,,,,,,,,,,,,,,,,,,,
83,,,,,,,,,,s89,,,,,,,,,,,,,,,,,,,,,,,,,,,,,,,,,,,,,,,,,,,,,,,,,,,,,,,,,,
84,,r37,r37,,,,r37,,,r37,,,,r37,,,,,,,,r37,,,,,,,,,,,,,,,,r37,r37,r37,r37,r37,r37,r37,r37,r37,r37,r37,r37,r37,r37,r37,r37,r37,r37,r37,,,,,,,,,,,,
85,s27,,,s25,,,,,s22,,,,,,,,,,,,,,,,,,,,,,,s33,s34,s35,s37,s38,s39,s31,s32,,,,,,,,,,,,,,,,,,,,,,,,,,s28,s29,s30,
86,,r59,,,,,,,,,,,,,,,,,,,,,,,,,,,,,,,,,,,,,,,,,,,,,,,,,,,,,,,,,,,,,,,,,,
87,s91,,,,,,,,,,,,,,,,,,,,,,,,,,,,,,,,,,,,,,,,,,,,,,,,,,,,,,,,,,,,,,,,,,,
88,,,,,,,,,,r34,,,,,,,,,,,,,,,,,,,,,,,,,,,,,,,,,,,,,,,,,,,,,,,,,,,,,,,,,,
89,,r53,r53,,,,r53,,,r53,,,,r53,,,,,,,,r53,,,,,,,,,,,,,,,,r53,r53,r53,r53,r53,r53,r53,r53,r53,r53,r53,r53,r53,r53,r53,r53,r53,r53,r53,,,,,,,,,,,,
90,,,,,,,,,,r41,,,,,,,,,,,,,,,,,,,,,,,,,,,,,,,,,,,,,,,,,,,,,,,,,,,,,,,,,,
91,s27,,,s103,,,,s104,s22,,,s105,,,s106,s107,s108,s109,s110,s111,,,,,,s7,s8,s9,s10,s11,s12,s33,s34,s35,s37,s38,s39,s31,s32,,,,,,,,,,,,,,,,,,,,,,,,,,s28,s29,s30,
92,,s112,,,,,,,,,,,,,,,,,,,,,,,,,,,,,,,,,,,,,,,,,,,,,,,,,,,,,,,,,,,,,,,,,,
93,s27,r5,,s103,,,,s104,s22,,,s105,,,s106,s107,s108,s109,s110,s111,r5,,r5,,,s7,s8,s9,s10,s11,s12,s33,s34,s35,s37,s38,s39,s31,s32,,,,,,,,,,,,,,,,,,,,,,,,,,s28,s29,s30,
94,r8,r8,,r8,,,,r8,r8,,r8,r8,,,r8,r8,r8,r8,r8,r8,r8,,r8,,,r8,r8,r8,r8,r8,r8,r8,r8,r8,r8,r8,r8,r8,r8,,,,,,,,,,,,,,,,,,,,,,,,,,r8,r8,r8,
95,r9,r9,,r9,,,,r9,r9,,r9,r9,,,r9,r9,r9,r9,r9,r9,r9,,r9,,,r9,r9,r9,r9,r9,r9,r9,r9,r9,r9,r9,r9,r9,r9,,,,,,,,,,,,,,,,,,,,,,,,,,r9,r9,r9,
96,r10,r10,,r10,,,,r10,r10,,r10,r10,,,r10,r10,r10,r10,r10,r10,r10,,r10,,,r10,r10,r10,r10,r10,r10,r10,r10,r10,r10,r10,r10,r10,r10,,,,,,,,,,,,,,,,,,,,,,,,,,r10,r10,r10,
97,r11,r11,,r11,,,,r11,r11,,r11,r11,,,r11,r11,r11,r11,r11,r11,r11,,r11,,,r11,r11,r11,r11,r11,r11,r11,r11,r11,r11,r11,r11,r11,r11,,,,,,,,,,,,,,,,,,,,,,,,,,r11,r11,r11,
98,r12,r12,,r12,,,,r12,r12,,r12,r12,,,r12,r12,r12,r12,r12,r12,r12,,r12,,,r12,r12,r12,r12,r12,r12,r12,r12,r12,r12,r12,r12,r12,r12,,,,,,,,,,,,,,,,,,,,,,,,,,r12,r12,r12,
99,r13,r13,,r13,,,,r13,r13,,r13,r13,,,r13,r13,r13,r13,r13,r13,r13,,r13,,,r13,r13,r13,r13,r13,r13,r13,r13,r13,r13,r13,r13,r13,r13,,,,,,,,,,,,,,,,,,,,,,,,,,r13,r13,r13,
100,r14,r14,,r14,,,,r14,r14,,r14,r14,,,r14,r14,r14,r14,r14,r14,r14,,r14,,,r14,r14,r14,r14,r14,r14,r14,r14,r14,r14,r14,r14,r14,r14,,,,,,,,,,,,,,,,,,,,,,,,,,r14,r14,r14,
101,r15,r15,,r15,,,,r15,r15,,r15,r15,,,r15,r15,r15,r15,r15,r15,r15,,r15,,,r15,r15,r15,r15,r15,r15,r15,r15,r15,r15,r15,r15,r15,r15,,,,,,,,,,,,,,,,,,,,,,,,,,r15,r15,r15,
102,,,s114,,,,,,,,,,,,,,,,,,,,,,,,,,,,,,,,,,,,,,,,,,,,,,,,,,,,,,,,,,,,,,,,,
103,,r56,r56,,s115,s116,,,s46,,,,,r56,,,,,,,,,,,,,,,,,,,,,,,,,,,,,,,,,,,,,,,,,,,s118,s119,s120,s121,s122,s123,s124,s125,,,,
104,,,,,,,,,s126,,,,,,,,,,,,,,,,,,,,,,,,,,,,,,,,,,,,,,,,,,,,,,,,,,,,,,,,,,,
105,,,,s127,,,,,,,,,,,,,,,,,,,,,,,,,,,,,,,,,,,,,,,,,,,,,,,,,,,,,,,,,,,,,,,,
106,,,,,,,,,s128,,,,,,,,,,,,,,,,,,,,,,,,,,,,,,,,,,,,,,,,,,,,,,,,,,,,,,,,,,,
107,s131,,,s103,,,,s104,s22,,,s105,,,s106,s107,s108,s109,s110,s111,,,,,,s7,s8,s9,s10,s11,s12,s33,s34,s35,s37,s38,s39,s31,s32,,,,,,,,,,,,,,,,,,,,,,,,,,s28,s29,s30,
108,s27,,,s25,,,,,s22,,,,,,,,,,,,,,,,,,,,,,,s33,s34,s35,s37,s38,s39,s31,s32,,,,,,,,,,,,,,,,,,,,,,,,,,s28,s29,s30,
109,,,s133,,,,,,,,,,,,,,,,,,,,,,,,,,,,,,,,,,,,,,,,,,,,,,,,,,,,,,,,,,,,,,,,,
110,,,s134,,,,,,,,,,,,,,,,,,,,,,,,,,,,,,,,,,,,,,,,,,,,,,,,,,,,,,,,,,,,,,,,,
111,,,,,,,,,s135,,,,,,,,,,,,,,,,,,,,,,,,,,,,,,,,,,,,,,,,,,,,,,,,,,,,,,,,,,,
112,,,,,,,,,,,,,,,,,,,,,,,,r33,,r33,r33,r33,r33,r33,r33,,,,,,,,,,,,,,,,,,,,,,,,,,,,,,,,,,,,,r33
113,,r4,,,,,,,,,,,,,,,,,,,r4,,r4,,,,,,,,,,,,,,,,,,,,,,,,,,,,,,,,,,,,,,,,,,,,,
114,r16,r16,,r16,,,,r16,r16,,r16,r16,,,r16,r16,r16,r16,r16,r16,r16,,r16,,,r16,r16,r16,r16,r16,r16,r16,r16,r16,r16,r16,r16,r16,r16,,,,,,,,,,,,,,,,,,,,,,,,,,r16,r16,r16,
115,s27,,,s25,,,,,s22,,,,,,,,,,,,,,,,,,,,,,,s33,s34,s35,s37,s38,s39,s31,s32,,,,,,,,,,,,,,,,,,,,,,,,,,s28,s29,s30,
116,s27,,,s25,,,r46,,s22,,,,,,,,,,,,,,,,,,,,,,,s33,s34,s35,s37,s38,s39,s31,s32,,,,,,,,,,,,,,,,,,,,,,,,,,s28,s29,s30,
117,s27,,,s25,,,,,s22,,,,,,,,,,,,,,,,,,,,,,,s33,s34,s35,s37,s38,s39,s31,s32,,,,,,,,,,,,,,,,,,,,,,,,,,s28,s29,s30,
118,r91,,,r91,,,,,r91,,,,,,,,,,,,,,,,,,,,,,,r91,r91,r91,r91,r91,r91,r91,r91,,,,,,,,,,,,,,,,,,,,,,,,,,r91,r91,r91,
119,r92,,,r92,,,,,r92,,,,,,,,,,,,,,,,,,,,,,,r92,r92,r92,r92,r92,r92,r92,r92,,,,,,,,,,,,,,,,,,,,,,,,,,r92,r92,r92,
120,r93,,,r93,,,,,r93,,,,,,,,,,,,,,,,,,,,,,,r93,r93,r93,r93,r93,r93,r93,r93,,,,,,,,,,,,,,,,,,,,,,,,,,r93,r93,r93,
121,r94,,,r94,,,,,r94,,,,,,,,,,,,,,,,,,,,,,,r94,r94,r94,r94,r94,r94,r94,r94,,,,,,,,,,,,,,,,,,,,,,,,,,r94,r94,r94,
122,r95,,,r95,,,,,r95,,,,,,,,,,,,,,,,,,,,,,,r95,r95,r95,r95,r95,r95,r95,r95,,,,,,,,,,,,,,,,,,,,,,,,,,r95,r95,r95,
123,r96,,,r96,,,,,r96,,,,,,,,,,,,,,,,,,,,,,,r96,r96,r96,r96,r96,r96,r96,r96,,,,,,,,,,,,,,,,,,,,,,,,,,r96,r96,r96,
124,r97,,,r97,,,,,r97,,,,,,,,,,,,,,,,,,,,,,,r97,r97,r97,r97,r97,r97,r97,r97,,,,,,,,,,,,,,,,,,,,,,,,,,r97,r97,r97,
125,r98,,,r98,,,,,r98,,,,,,,,,,,,,,,,,,,,,,,r98,r98,r98,r98,r98,r98,r98,r98,,,,,,,,,,,,,,,,,,,,,,,,,,r98,r98,r98,
126,s27,,,s25,,,,,s22,,,,,,,,,,,,,,,,,,,,,,,s33,s34,s35,s37,s38,s39,s31,s32,,,,,,,,,,,,,,,,,,,,,,,,,,s28,s29,s30,
127,,,,,,,,,,,,,s140,,,,,,,,,,,,,,,,,,,,,,,,,,,,,,,,,,,,,,,,,,,,,,,,,,,,,,,
128,s27,,,s25,,,,,s22,,,,,,,,,,,,,,,,,,,,,,,s33,s34,s35,s37,s38,s39,s31,s32,,,,,,,,,,,,,,,,,,,,,,,,,,s28,s29,s30,
129,,,,,,,,,,,,,,,s142,,,,,,,,,,,,,,,,,,,,,,,,,,,,,,,,,,,,,,,,,,,,,,,,,,,,,
130,r6,r6,,r6,,,,r6,r6,,r6,r6,,,r6,r6,r6,r6,r6,r6,r6,,r6,,,r6,r6,r6,r6,r6,r6,r6,r6,r6,r6,r6,r6,r6,r6,,,,,,,,,,,,,,,,,,,,,,,,,,r6,r6,r6,
131,s27,,,s103,,,,s104,s22,,,s105,,,s106,s107,s108,s109,s110,s111,,,,,,s7,s8,s9,s10,s11,s12,s33,s34,s35,s37,s38,s39,s31,s32,,,,,,,,,,,,,,,,,,,,,,,,,,s28,s29,s30,
132,,,s145,,,,,,,,,,,,,,,,,,,,,,,,,,,,,,,,,,,,,,,,,,,,,,,,,,,,,,,,,,,,,,,,,
133,r27,r27,,r27,,,,r27,r27,,r27,r27,,,r27,r27,r27,r27,r27,r27,r27,,r27,,,r27,r27,r27,r27,r27,r27,r27,r27,r27,r27,r27,r27,r27,r27,,,,,,,,,,,,,,,,,,,,,,,,,,r27,r27,r27,
134,r28,r28,,r28,,,,r28,r28,,r28,r28,,,r28,r28,r28,r28,r28,r28,r28,,r28,,,r28,r28,r28,r28,r28,r28,r28,r28,r28,r28,r28,r28,r28,r28,,,,,,,,,,,,,,,,,,,,,,,,,,r28,r28,r28,
135,s27,,,s25,,,,,s22,,,,,,,,,,,,,,,,,,,,,,,s33,s34,s35,s37,s38,s39,s31,s32,,,,,,,,,,,,,,,,,,,,,,,,,,s28,s29,s30,
136,,,s147,,,,,,,,,,,,,,,,,,,,,,,,,,,,,,,,,,,,,,,,,,,,,,,,,,,,,,,,,,,,,,,,,
137,,,,,,,s148,,,,,,,,,,,,,,,,,,,,,,,,,,,,,,,,,,,,,,,,,,,,,,,,,,,,,,,,,,,,,
138,,,s149,,,,,,,,,,,,,,,,,,,,,,,,,,,,,,,,,,,,,,,,,,,,,,,,,,,,,,,,,,,,,,,,,
139,,,,,,,,,,s150,,,,,,,,,,,,,,,,,,,,,,,,,,,,,,,,,,,,,,,,,,,,,,,,,,,,,,,,,,
140,,,,,,,,,s151,,,,,,,,,,,,,,,,,,,,,,,,,,,,,,,,,,,,,,,,,,,,,,,,,,,,,,,,,,,
141,,,,,,,,,,s152,,,,,,,,,,,,,,,,,,,,,,,,,,,,,,,,,,,,,,,,,,,,,,,,,,,,,,,,,,
142,,,,,,,,,s153,,,,,,,,,,,,,,,,,,,,,,,,,,,,,,,,,,,,,,,,,,,,,,,,,,,,,,,,,,,
143,,s154,,,,,,,,,,,,,,,,,,,,,,,,,,,,,,,,,,,,,,,,,,,,,,,,,,,,,,,,,,,,,,,,,,
144,,r60,s114,,,,,,,,,,,s80,,,,,,,,,,,,,,,,,,,,,,,,,,,,,,,,,,,,,,,,,,,,,,,,,,,,,,
145,r26,r26,,r26,,,,r26,r26,,r26,r26,,,r26,r26,r26,r26,r26,r26,r26,,r26,,,r26,r26,r26,r26,r26,r26,r26,r26,r26,r26,r26,r26,r26,r26,,,,,,,,,,,,,,,,,,,,,,,,,,r26,r26,r26,
146,,,,,,,,,,s155,,,,,,,,,,,,,,,,,,,,,,,,,,,,,,,,,,,,,,,,,,,,,,,,,,,,,,,,,,
147,r18,r18,,r18,,,,r18,r18,,r18,r18,,,r18,r18,r18,r18,r18,r18,r18,,r18,,,r18,r18,r18,r18,r18,r18,r18,r18,r18,r18,r18,r18,r18,r18,,,,,,,,,,,,,,,,,,,,,,,,,,r18,r18,r18,
148,,,,,s156,,,,,,,,,,,,,,,,,,,,,,,,,,,,,,,,,,,,,,,,,,,,,,,,,,,,s118,s119,s120,s121,s122,s123,s124,s125,,,,
149,r20,r20,,r20,,,,r20,r20,,r20,r20,,,r20,r20,r20,r20,r20,r20,r20,,r20,,,r20,r20,r20,r20,r20,r20,r20,r20,r20,r20,r20,r20,r20,r20,,,,,,,,,,,,,,,,,,,,,,,,,,r20,r20,r20,
150,s131,,,s103,,,,s104,s22,,,s105,,,s106,s107,s108,s109,s110,s111,,,,,,s7,s8,s9,s10,s11,s12,s33,s34,s35,s37,s38,s39,s31,s32,,,,,,,,,,,,,,,,,,,,,,,,,,s28,s29,s30,
151,s27,,,s25,,,,,s22,,,,,,,,,,,,,,,,,,,,,,,s33,s34,s35,s37,s38,s39,s31,s32,,,,,,,,,,,,,,,,,,,,,,,,,,s28,s29,s30,
152,s131,,,s103,,,,s104,s22,,,s105,,,s106,s107,s108,s109,s110,s111,,,,,,s7,s8,s9,s10,s11,s12,s33,s34,s35,s37,s38,s39,s31,s32,,,,,,,,,,,,,,,,,,,,,,,,,,s28,s29,s30,
153,s27,,,s25,,,,,s22,,,,,,,,,,,,,,,,,,,,,,,s33,s34,s35,s37,s38,s39,s31,s32,,,,,,,,,,,,,,,,,,,,,,,,,,s28,s29,s30,
154,r7,r7,,r7,,,,r7,r7,,r7,r7,,,r7,r7,r7,r7,r7,r7,r7,,r7,,,r7,r7,r7,r7,r7,r7,r7,r7,r7,r7,r7,r7,r7,r7,,,,,,,,,,,,,,,,,,,,,,,,,,r7,r7,r7,
155,s162,,,,,,,,,,,,,,,,,,,,,,,,,,,,,,,,,,,,,,,,,,,,,,,,,,,,,,,,,,,,,,,,,,,
156,s27,,,s25,,,,,s22,,,,,,,,,,,,,,,,,,,,,,,s33,s34,s35,s37,s38,s39,s31,s32,,,,,,,,,,,,,,,,,,,,,,,,,,s28,s29,s30,
157,s27,,,s25,,,,,s22,,,,,,,,,,,,,,,,,,,,,,,s33,s34,s35,s37,s38,s39,s31,s32,,,,,,,,,,,,,,,,,,,,,,,,,,s28,s29,s30,
158,,,,,,,,,,,s165,,,,,,,,,,,,,,,,,,,,,,,,,,,,,,,,,,,,,,,,,,,,,,,,,,,,,,,,,
159,,,,,,,,,,,,,,s166,,,,,,,,,,,,,,,,,,,,,,,,,,,,,,,,,,,,,,,,,,,,,,,,,,,,,,
160,r24,r24,,r24,,,,r24,r24,,r24,r24,,,r24,r24,r24,r24,r24,r24,r24,,r24,,,r24,r24,r24,r24,r24,r24,r24,r24,r24,r24,r24,r24,r24,r24,,,,,,,,,,,,,,,,,,,,,,,,,,r24,r24,r24,
161,,,,,,,,,,s167,,,,,,,,,,,,,,,,,,,,,,,,,,,,,,,,,,,,,,,,,,,,,,,,,,,,,,,,,,
162,,r32,,,,,,,,,,,,,,,,,,,s169,,s170,,,,,,,,,,,,,,,,,,,,,,,,,,,,,,,,,,,,,,,,,,,,,
163,,,s171,,,,,,,,,,,,,,,,,,,,,,,,,,,,,,,,,,,,,,,,,,,,,,,,,,,,,,,,,,,,,,,,,
164,,,s172,,,,,,,,,,,,,,,,,,,,,,,,,,,,,,,,,,,,,,,,,,,,,,,,,,,,,,,,,,,,,,,,,
165,s131,,,s103,,,,s104,s22,,,s105,,,s106,s107,s108,s109,s110,s111,,,,,,s7,s8,s9,s10,s11,s12,s33,s34,s35,s37,s38,s39,s31,s32,,,,,,,,,,,,,,,,,,,,,,,,,,s28,s29,s30,
166,s27,,,s25,,,,,s22,,,,,,,,,,,,,,,,,,,,,,,s33,s34,s35,s37,s38,s39,s31,s32,,,,,,,,,,,,,,,,,,,,,,,,,,s28,s29,s30,
167,,,s175,,,,,,,,,,,,,,,,,,,,,,,,,,,,,,,,,,,,,,,,,,,,,,,,,,,,,,,,,,,,,,,,,
168,,s176,,,,,,,,,,,,,,,,,,,,,,,,,,,,,,,,,,,,,,,,,,,,,,,,,,,,,,,,,,,,,,,,,,
169,s27,,,s25,,,,,s22,,,,,,,,,,,,,,,,,,,,,,,s33,s34,s35,s37,s38,s39,s31,s32,,,,,,,,,,,,,,,,,,,,,,,,,,s28,s29,s30,
170,,,,,,,,,,,,,,,,,,,,,,s178,,,,,,,,,,,,,,,,,,,,,,,,,,,,,,,,,,,,,,,,,,,,,,
171,r19,r19,,r19,,,,r19,r19,,r19,r19,,,r19,r19,r19,r19,r19,r19,r19,,r19,,,r19,r19,r19,r19,r19,r19,r19,r19,r19,r19,r19,r19,r19,r19,,,,,,,,,,,,,,,,,,,,,,,,,,r19,r19,r19,
172,r21,r21,,r21,,,,r21,r21,,r21,r21,,,r21,r21,r21,r21,r21,r21,r21,,r21,,,r21,r21,r21,r21,r21,r21,r21,r21,r21,r21,r21,r21,r21,r21,,,,,,,,,,,,,,,,,,,,,,,,,,r21,r21,r21,
173,r22,r22,,r22,,,,r22,r22,,r22,r22,,,r22,r22,r22,r22,r22,r22,r22,,r22,,,r22,r22,r22,r22,r22,r22,r22,r22,r22,r22,r22,r22,r22,r22,,,,,,,,,,,,,,,,,,,,,,,,,,r22,r22,r22,
174,,,,,,,,,,s179,,,,,,,,,,,,,,,,,,,,,,,,,,,,,,,,,,,,,,,,,,,,,,,,,,,,,,,,,,
175,r25,r25,,r25,,,,r25,r25,,r25,r25,,,r25,r25,r25,r25,r25,r25,r25,,r25,,,r25,r25,r25,r25,r25,r25,r25,r25,r25,r25,r25,r25,r25,r25,,,,,,,,,,,,,,,,,,,,,,,,,,r25,r25,r25,
176,r29,r29,,r29,,,,r29,r29,,r29,r29,,,r29,r29,r29,r29,r29,r29,r29,,r29,,,r29,r29,r29,r29,r29,r29,r29,r29,r29,r29,r29,r29,r29,r29,,,,,,,,,,,,,,,,,,,,,,,,,,r29,r29,r29,
177,,,,,,,,,,,,,,,,,,,,,,s180,,,,,,,,,,,,,,,,,,,,,,,,,,,,,,,,,,,,,,,,,,,,,,
178,s27,,,s103,,,,s104,s22,,,s105,,,s106,s107,s108,s109,s110,s111,,,,,,s7,s8,s9,s10,s11,s12,s33,s34,s35,s37,s38,s39,s31,s32,,,,,,,,,,,,,,,,,,,,,,,,,,s28,s29,s30,
179,s131,,,s103,,,,s104,s22,,,s105,,,s106,s107,s108,s109,s110,s111,,,,,,s7,s8,s9,s10,s11,s12,s33,s34,s35,s37,s38,s39,s31,s32,,,,,,,,,,,,,,,,,,,,,,,,,,s28,s29,s30,
180,s27,,,s103,,,,s104,s22,,,s105,,,s106,s107,s108,s109,s110,s111,,,,,,s7,s8,s9,s10,s11,s12,s33,s34,s35,s37,s38,s39,s31,s32,,,,,,,,,,,,,,,,,,,,,,,,,,s28,s29,s30,
181,,r31,,,,,,,,,,,,,,,,,,,,,,,,,,,,,,,,,,,,,,,,,,,,,,,,,,,,,,,,,,,,,,,,,,
182,r23,r23,,r23,,,,r23,r23,,r23,r23,,,r23,r23,r23,r23,r23,r23,r23,,r23,,,r23,r23,r23,r23,r23,r23,r23,r23,r23,r23,r23,r23,r23,r23,,,,,,,,,,,,,,,,,,,,,,,,,,r23,r23,r23,
183,,r32,,,,,,,,,,,,,,,,,,,s169,,s170,,,,,,,,,,,,,,,,,,,,,,,,,,,,,,,,,,,,,,,,,,,,,
184,,r30,,,,,,,,,,,,,,,,,,,,,,,,,,,,,,,,,,,,,,,,,,,,,,,,,,,,,,,,,,,,,,,,,,